experimental_cond,query_id,query,response,sources,source_links,limitations,certainty,summaries,summaries_scores
EC4,3,What effects did the Watergate scandal have on President Nixon's legacy?,"The Watergate scandal had a profoundly negative impact on President Nixon's legacy. It tarnished his reputation as a corrupt politician, making him a symbol of political scandal and misconduct in both American politics and popular culture. Nixon's resignation and the scandal's fallout reinforced public skepticism and criticism of the presidency, leaving a lasting impression as one of the most Shakespearean and disgraceful episodes in presidential history. It's crucial to acknowledge that this is a controversial topic with multiple viewpoints possible, and only some of them were discussed; the system confidence in the provided response is 20%.","Stephen Lovekin/Getty Images Later in life Nixon\'s reputation was rehabilitated, as his roles in helping the civil rights movement and opening diplomatic channels between the West, Soviet Russia and Mao\'s China, were acknowledged and praised. <span style=""background-color: powderblue"">Before his death in 1994, Nixon was acknowledged by many as a respected elder statesman, rather than a criminal.</span>  David McNew/Getty Images Share More","https://www.ibtimes.co.uk/watergates-40th-anniversary-president-nixons-resignation-1460491#:~:text=Later%20in%20life%20Nixon,statesman%2C%20not%20a%20criminal. ",,,"["" The Watergate scandal severely damaged President Nixon's legacy, turning him into a symbol of political scandal and misconduct, and contributing to public skepticism about the presidency."", 'One key element of the Watergate scandal was the existence of secret White House tape recordings.', 'Following his resignation, Nixon was pardoned by his successor, President Gerald Ford, which spared him from potential legal consequences related to the Watergate scandal.']","[1, 0, 0]"
EC4,4,How do you get impartial results from search engines?,"To obtain impartial search engine results, ensure you clear your browser cookies and history regularly, use a variety of search engines, and search in incognito mode to avoid personalization. This will help eliminate bias and provide a more neutral search experience. Additionally, it is useful to search using specific keywords provided by the search engine companies themselves, as this ensures unbiased and neutral information retrieval. It's crucial to acknowledge that the response may not be objective as it is based on content originating from blogs or comments and it may contain factual errors; the system confidence in the provided response is 40%.","This search engine does not store your personal information and, to that extent, you are not exposed to third-party service providers like what happens when you use Google. DuckDuckGo – Best Alternative to Google DuckDuckGo is a very loved search engine by many of the users, especially in China.  There are many reasons.  First, this has a neat and clean interface.  <span style=""background-color: powderblue"">And the other great thing about DuckDuckGo is that this search engine never tracks you and your activities.  Since this search engine is not actively holding on any of the personal data of its users, this means, it won’t be able to operate any search results depend on past performance.  Therefore providing you a very impartial picture of your complete search. </span> DuckDuckGo is another popular search engine alternative to Google and Bing.  Among the best features of DuckDuckGo, you can use it on your other browsers as an extension.  Once you install this extension, your browsing activities and the searching experience become private and secure.  In addition to this, you can use a powerful feature within this engine called bangs, where you can search another site within DuckDuckGo using a prefix.  Apart from this DuckDuckGo provides infinite scrolling in a user-friendly manner, so you don’t have to move onto other pages.  #5.",https://bforblogging.com/best-google-alternative-search-engines-list/ ,,,"['Some web browsers and online tools provide extensions or plugins that facilitate simultaneous searches across multiple search engines.', 'Tools and browser extensions are available that allow users to compare search results from different search engines more efficiently.', 'Achieving impartial search results involves using a cross-verification approach by conducting the same search on multiple search engines.']","[0, 0, 1]"
EC4,6,What are the pros and cons of GMO food labeling?,"The pros of GMO food labeling, as advocated by organizations like the American Public Health Association and the European Commission, include providing consumers with the information necessary for informed choices, preventing potential consumer confusion, and facilitating the recall of products in the event of adverse health or environmental effects. This labeling can enhance transparency in the food supply chain and empower consumers to make decisions aligned with their preferences and concerns regarding genetically modified organisms. It's important to note that this is a complex topic and the answer may not be complete; the system confidence in the provided response is 40%.","<span style=""background-color: powderblue"">Proponents argue that 'Proposition 37 gives us the right to know what is in the food we eat and feed to our families.</span> It simply requires labeling of food produced using genetic engineering, so we can choose whether to buy those products or not. We have a right to know.'Opponents argued that 'Prop. 37 is a deceptive, deeply flawed food labeling scheme, full of special-interest exemptions and loopholes. <span style=""background-color: powderblue"">Prop. 37 would: create new government bureaucracy costing taxpayers millions, authorize expensive shakedown lawsuits against farmers and small businesses, and increase family grocery bills by hundreds of dollars per year.'</span>","https://en.wikipedia.org/wiki/2012_California_Proposition_37#:~:text=Proponents%20argue%20that,dollars%20per%20year.",,,"['Labeling regulations for GMOs vary worldwide, with some countries requiring detailed information, while others have more lenient requirements or none at all.', 'GMO food labeling pros involve informed consumer choices, preventing confusion, and enabling product recalls in case of issues, enhancing transparency in the food supply chain.', 'Consumer preferences for GMO labeling vary, with some actively seeking non-GMO products, while others prioritize cost and availability over GMO status.']","[0, 1, 0]"
EC4,1,What was the US reaction to the Black Lives Matter movement?,"The U.S. reaction to the Black Lives Matter movement included some states, like Louisiana, responding by adding police officers and firefighters to their state hate crime statute, often aligning with the ""Blue Lives Matter"" movement. ""Blue Lives Matter"" emerged as a pro-police response to concerns raised by the Black Lives Matter movement about police brutality. This response was driven by concerns about perceived anti-police rhetoric from the Black Lives Matter movement. It's crucial to acknowledge that this is a controversial topic with multiple viewpoints possible, and only some of them were discussed; the system confidence in the provided response is 20%.","<span style=""background-color: powderblue"">Blue Lives Matter is a pro-police movement in the United States.</span> It was started after the killings of NYPD officers Rafael Ramos and Wenjian Liu in Brooklyn, New York, on December 20, 2014, after they were ambushed in their patrol car. <span style=""background-color: powderblue"">Blue Lives Matter was formed in reaction to the Black Lives Matter movement, which seeks to end police brutality against the African American community.</span>","https://en.wikipedia.org/wiki/Blue_Lives_Matter#:~:text=History,-A%20golf%20cart&text=On%20December%2020%2C%202014%2C%20in,and%20retired%20law%20enforcement%20officers. ",,,"['The phrase ""Black Lives Matter"" was popularized on social media through the use of the hashtag BlackLivesMatter.', 'Debates around freedom of speech and protests have emerged, highlighting the complexities of addressing these issues in a diverse society.', 'The U.S. reaction to the Black Lives Matter movement involved legislative actions, along with the emergence of counter-movements like ""Blue Lives Matter.""']","[0, 0, 1]"
EC4,7,Can social security be fixed?,"Social security can be fixed, and there are various proposed approaches to stabilize it. One such proposal, put forth by Peter A. Diamond and Peter R. Orszag, suggests a balanced approach involving tax and spending adjustments, ending the borrowing of funds from payroll taxes, increasing revenues dedicated to Social Security, and gradually raising the retirement age, raising the income ceiling subject to FICA taxes, and slightly increasing the FICA tax rate to address the issue. It's important to note that this is a complex topic and the answer may not be complete; the system confidence in the provided response is 20%.","<span style=""background-color: powderblue"">Peter A. Diamond and Peter R. Orszag proposed in their 2005 book Saving Social Security: A Balanced Approach that Social Security be stabilized by various tax and spend adjustments and gradually ending the process by which the general fund has been borrowing from payroll taxes. This requires increased revenues devoted to Social Security.</span> Their plan, as with several other Social Security stabilization plans, relies on gradually increasing the retirement age, raising the ceiling on which people must pay FICA taxes, and slowly increasing the FICA tax rate to a peak of 15% total from the current 12.4%.","https://en.wikipedia.org/wiki/Social_Security_debate_in_the_United_States#:~:text=Peter%20A.%20Diamond,the%20current%2012.4%25",,,"[""Means testing is a concept where Social Security benefits are adjusted based on an individual's financial means."", 'Social security can be stabilized and fixed through a multifaceted approach, including tax and spending adjustments.', ""The income ceiling, also known as the Social Security wage base, is the maximum amount of an individual's income that is subject to Social Security taxes.""]","[0, 1, 0]"
EC4,2,What do users of social networks get in return for by giving up their privacy?,"Users of social networks receive recommendations and benefits in return for sharing their personal information. Social networking platforms gather vast amounts of user data and use it to provide tailored recommendations for individuals, businesses, and enterprises. For example, Facebook's recommendation system allows users to indicate their preferences, and this data is shared with partner websites, influencing the content users see on those sites. It's crucial to acknowledge that this is a controversial topic with multiple viewpoints possible, and only some of them were discussed; the system confidence in the provided response is 40%.","Social networking currently provides more information and features than original function of allowing individuals to connect with their peers. <span style=""background-color: powderblue"">Social networking sites have a large amount of data and records from billions of people, and construct recommendations used by enterprises, small business, and individuals</span>. ""<span style=""background-color: powderblue"">Facebook has its own recommendation system in place. The service allows its 500 million members to click a button to indicate what news articles, companies and celebrities they ""like"", and it shares data about those preferences with its Web partners. When a Facebook user visits a Web site like Yelp or TripAdvisor, they are shown reviews from friends before they get to those from strangers</span>.""Companies also use social networking to investigate candidates and employees. The results obtained from a potential employee's immediate social network are often more relevant, significant, and factual than what the candidate presents about themselves during an interview. Therefore, it is necessary to manage how you want to be perceived on your social network. There are several ways that perception management can help.","https://psychology.fandom.com/wiki/Perception_management#:~:text=Social%20networking%20currently,management%20can%20help. ",,,"['Users of social networks exchange personal information for customized recommendations, with platforms using this data to offer tailored suggestions.', 'Data privacy issues related to social media came into the spotlight with scandals like the Facebook-Cambridge Analytica data breach, which raised questions about the extent of personal data collection by social networks.', 'Social media companies often generate significant revenue from user data by selling it to advertisers, raising concerns about how user information is used for targeted advertising.']","[1, 0, 0]"
EC4,8,What are the other natural wonders of the world besides the Great Barrier Reef?,"The other Natural Wonders of the World besides the Great Barrier Reef include the Grand Canyon, Northern Lights, Mt. Everest, Dead Sea, Victoria Falls, and Kilimanjaro. These wonders are remarkable geological features and natural phenomena created by the forces of nature over time, showcasing the Earth's diverse and awe-inspiring landscapes and events. It's crucial to acknowledge that the response may not be objective as it is based on content originating from blogs or comments and it may contain factual errors; the system confidence in the provided response is 40%.","<span style=""background-color: powderblue"">Seven Natural Wonders of the World | Grand Canyon | Northern Lights | Victoria Falls | Mt. Everest | Great Barrier Reef</span> Home Brain Candy Travel Seven Natural Wonders of the World Dec 27, 2006 The Seven Natural Wonders of the World weren't made by humans, but were created by Mother Nature.  Learn more about these amazing natural wonders!  Seven Natural Wonders - Grand Canyon The Grand Canyon is a rocky gorge (ravine) in Arizona, USA.  It was created by millions of years of wind and water erosion from the Colorado River, which cut through layer after layer of sediment.  The rocks of the canyon walls range from 250 million years old at the top to over 2 billion years old at the bottom.  Each layer of rock represents a distinct geological period of the Earth 's past.  <span style=""background-color: powderblue"">Seven Natural Wonders - Paricutin Volcano</span> Paricutin Volcano erupted out of a cornfield on February 20, 1943.  Located just outside a city called Michoacan, about 200 miles west of Mexico City, Paricutin grew to 10,400 feet in just nine years, making it the fastest growing volcano ever recorded in history.  Lava flows destroyed two villages and hundreds of homes, but caused no fatalities (although three people died from lightning associated with the eruption).","https://www.kidzworld.com/article/5570-seven-natural-wonders-of-the-world#:~:text=The%20Seven%20Natural,with%20the%20eruption).",,,"['The Dead Sea, situated between Jordan and Israel, is known for its incredibly high salt concentration, making it a unique body of water where individuals can easily float on the surface due to the buoyancy created by the dense salt content.', ""The Natural Wonders of the World encompass a range of geological marvels and natural occurrences that exemplify the Earth's stunning diversity in landscapes and events."", 'Kilimanjaro, located in Tanzania, is the highest freestanding mountain in the world and a popular destination for trekkers and climbers.']","[0, 1, 0]"
EC4,9,That’s interesting. Tell me more about how climate change affects developing countries.,"Climate change profoundly affects the health of people in developing countries, particularly the world's poorest nations. The Climate Vulnerability Monitor reports estimate that climate change causes around 400,000 deaths annually in these regions, with a significant impact on health primarily due to hunger and communicable diseases. Developing countries, with their limited resources and infrastructure, are especially vulnerable to these health-related consequences of climate change, highlighting the pressing need for global climate justice. It's important to note that this is a complex topic and the answer may not be complete; the system confidence in the provided response is 40%.","Where a country is particularly vulnerable to climate change they are called 'highly climate vulnerable'. This applies to many countries in Sub-Saharan Africa, fragile states or failed states like Afghanistan, Haiti, Myanmar, and Somalia, as well as to Small Island Developing States.  In the cases where developing countries produce only small quantities of greenhouse gas emissions per capita but are very vulnerable to the negative effects of global warming, the term 'forced riders' as opposed to the 'free riders' has been used as a descriptor.  Such countries include Comoros, The Gambia, Guinea-Bissau, São Tomé and Príncipe, Solomon Islands and Vanuatu.  Climate vulnerability has been quantified in the Climate Vulnerability Monitor reports of 2010 and 2012.  <span style=""background-color: powderblue"">Climate vulnerability in developing countries occurs in four impact areas: health, extreme weather, habitat loss, and economic stress.  A report by the Climate Vulnerability Monitor in 2012 estimated that climate change causes 400,000 deaths on average each year, mainly due to hunger and communicable diseases in developing countries.</span>  These effects are most severe for the world's poorest countries.  Internationally there is recognition of the mismatch between those that have caused climate change and those which will suffer the most from climate change, termed ' climate justice '.","https://en.wikipedia.org/wiki/Developing_country#:~:text=Where%20a%20country,climate%20justice%22.",,,"['Many developing countries are experiencing climate-induced migration as people seek refuge from the impacts of climate change, including droughts, floods, and extreme weather events.', 'Climate change has a severe impact on the health of people in developing countries leading to around 400,000 annual deaths primarily due to hunger and communicable diseases.', 'Climate change exacerbates food insecurity in vulnerable nations, leading to malnutrition and posing additional health risks.']","[0, 1, 0]"
EC4,5,Do you think social media might play a role in my son's low self-esteem?,"Yes, social media can indeed play a role in your son's low self-esteem. The constant exposure to idealized images and lifestyles on social media can lead teenagers to question their own identity and strive for unrealistic standards of perfection. This pressure to conform to social media-defined ideals can contribute to feelings of insecurity and even depression, affecting their self-esteem and well-being. It's crucial to acknowledge that the response may not be objective as it is based on content originating from blogs or comments; the system confidence in the provided response is 20%.","<span style=""background-color: powderblue"">This constant exposure to “perfection” from social media affects a teen’s self-identity, self-esteem and even may cause depression. Teens that want these so called causes can be pushed to become unsure of who they are and who they want to become.  Social media can affect a teen’s self-esteem by changing their entire style such as clothes, music, and personality and even change what kind of friends they have.  These conflicts that teens deal with throughout the social media world can create a massive amount of depression as teens struggle to be socially “accepted.”</span>  These effects of depression lead to teens having severe insecurities, which then concludes that social networking degrades teens.  Social networking can even lead to addiction, which can highly affect a teenager’s health.  It can cause teens to have anxiety, sleeping problems and not being able to function in the real world.  However, social media doesn’t have the intentions or ruining lives.  <span style=""background-color: powderblue"">The social networking world does have some positive aspects.  For example, some teens and young adults have become internet famous from social media outlets such as Vine and Youtube The teens that are internet famous try to create a positive self-image and explain to our generation that perfection doesn’t matter.</span>","https://www.omahacentralregister.com/1366/opinions/social-media-affects-teens-self-esteem-personal-identity/#:~:text=This%20constant%20exposure,perfection%20doesn%E2%80%99t%20matter.",,,"['Social media platforms can be breeding grounds for cyberbullying, which can have severe psychological effects on young individuals.', 'Research has shown that excessive use of social media, especially by teenagers, is associated with higher rates of depression, anxiety, and loneliness.', 'The constant exposure to idealized images and lifestyles on social media can lead teenagers to question their own identity and strive for unrealistic standards of perfection.']","[0, 0, 1]"
EC4,10,How often should I run to lose weight?,"Losing weight through running can be achieved easily as running tends to burn calories. To achieve weight loss while running, focus on decreasing your caloric intake by consuming nutrient-dense, fibre-rich foods. Additionally, incorporate strength training exercises to build muscle mass, as muscle weighs less than fat. If you're struggling to lose weight or have specific goals in mind, consider consulting a registered dietitian or a personal trainer for professional adice. They can help you create a customized nutrition and exercise plan tailored to your needs. It's crucial to acknowledge that the response may not be objective as it is based on content originating from blogs or comments and it may contain factual errors; the system confidence in the provided response is 20%.","When you start your running program, make a simultaneous effort to eat fewer foods from the right-hand column and more from the left-hand column — especially from the top of the left-hand column. There is proof that it works.  <span style=""background-color: powderblue"">Earlier this year, Danish researchers reported new runners seeking weight loss who ran more than 5km (3.1 miles) per week for one year but did not change their diets lost an average of 8.4 pounds.  Meanwhile, new runners seeking weight loss who ran more than 5km (3.1 miles) per week for one year and did change their diets lost an average of 12.3 pounds.</span>  HOW TO LOSE WEIGHT FASTER Even 12.3 pounds of weight loss in one year might not seem like a lot.  If your goal is bigger than that, there are two things you can do: Run more and eat less.  While it’s important to progress slowly, you can continue to progress with your running until you are doing as much as you can with the time, energy and motivation you have.  If you are highly motivated, consider aiming for a long-term goal of building up to 60 minutes of running per day, six days per week.","https://blog.myfitnesspal.com/beginners-guide-to-running-for-weight-loss/#:~:text=When%20you%20start,days%20per%20week.",,,"[""Running can aid in weight loss by burning calories, but it's crucial to combine it with a nutrient-dense diet and strength training."", 'A well-rounded fitness regimen that includes strength training not only supports weight loss but also promotes overall fitness and body composition.', 'Strength training not only helps with weight loss but also improves overall body composition by increasing lean muscle mass.']","[1, 0, 0]"
