,questions_ids,questions,answers,answers_ids,summaries,summaries_scores,summary_result,worker_ids,familiarity,interest,search_prob,relevance,correctness,completeness,comprehensiveness,conciseness,serendipity,coherence,factuality,fairness,readability,satisfaction,usefulness,explanation,conversational_frequency,voice_frequency,source_usefulness,warning_usefulness,confidence_usefulness,age,gender,education,pilot_study_feedback
3,1,What was the US reaction to the Black Lives Matter movement?,"The U.S. reaction to the Black Lives Matter movement included some states, like Louisiana, responding by adding police officers and firefighters to their state hate crime statute, often aligning with the ""Blue Lives Matter"" movement. ""Blue Lives Matter"" emerged as a pro-police response to concerns raised by the Black Lives Matter movement about police brutality. This response was driven by concerns about perceived anti-police rhetoric from the Black Lives Matter movement. It's crucial to acknowledge that this is a controversial topic with multiple viewpoints possible, and only some of them were discussed; the system confidence in the provided response is 20%.",EC4,"['The phrase ""Black Lives Matter"" was popularized on social media through the use of the hashtag BlackLivesMatter.', 'Debates around freedom of speech and protests have emerged, highlighting the complexities of addressing these issues in a diverse society.', 'The U.S. reaction to the Black Lives Matter movement involved legislative actions, along with the emergence of counter-movements like ""Blue Lives Matter.""']","[0, 0, 1]","['3', '3', '3', '3', '3']","['A1XAOEDK0Y2KBT', 'A3A8P4UR9A0DWQ', 'A35BY30TC8WCL4', 'A3862RIFFUV141', 'A2ELXYKRPPGRPB']","['4', '1', '4', '3', '3']","['4', '1', '3', '2', '4']","['4', '1', '2', '1', '3']","['2', '2', '4', '3', '3']","['3', '2', '2', '4', '2']","['1', '2', '1', '1', '2']","['3', '2', '1', '3', '2']","['4', '2', '4', '4', '3']","['3', '3', '1', '2', '2']","['4', '3', '4', '4', '3']","['4', '3', '3', '3', '3']","['1', '2', '1', '2', '2']","['4', '2', '4', '4', '4']","['1', '3', '1', '2', '2']","['2', '3', '1', '2', '2']","['The response to the question seems very limited to only the negative reactions to the BLM movement, especially focusing on Blue Lives Matter response.', 'Helped to a certain degree', ""While again this is a very complicated topic to adequately answer in a paragraph, I think the system did a very poor job, focusing in on one tiny aspect of the reaction that isn't what I think any reasonable person would focus on for a basic, summarized answer."", ""It would be hard for this to be useful no matter the response as it's very vague and as mentioned complex and not easy to answer and really the only way to give a more satisfying answer would to be to write at least a dozen paragraphs on the subject which rephrasing the question to be more specific would be helpful."", 'This response does contain some surprising and factual information, it also focuses on only one reaction to the movement, and that is the one in which legislators responded to the movement, and ignores any societal or individual responses. I do appreciate that the system acknowledges that this is not a complete answer and that this is a polarizing topic.']","['option_3', 'option_4', 'option_4', 'option_3', 'option_2']","['option_3', 'option_4', 'option_4', 'option_3', 'option_3']","['option_4', 'option_3', 'option_2', 'option_3', 'option_3']","['option_4', 'option_3', 'option_2', 'option_3', 'option_4']","['option_3', 'option_3', 'option_4', 'option_4', 'option_4']","['option_2', 'option_3', 'option_2', 'option_3', 'option_2']","['option_1', 'option_2', 'option_1', 'option_1', 'option_2']","['option_3', 'option_3', 'option_2', 'option_3', 'option_3']","['I enjoyed reviewing the responses, it was a very good intellectual exercies.', 'It was a long task', ""Not sure what I can say, was pretty simple and straightforward, nothing I'd change."", ""It was a bit long but I enjoyed the questions though would have been frustrated with it if I was less familiar with the topics and leads me to believe on topics I know absolutely nothing about I would have a hard time completely trusting these answers especially when the AI admits it's accuracy and scope is very limited."", ""I dislike the time it took. I dislike the low confidence ratings as they make it hard for me to trust the system and makes it hard for me to have any confidence in it's answers.""]"
5,2,What do users of social networks get in return for by giving up their privacy?,"Users of social networks receive recommendations and benefits in return for sharing their personal information. Social networking platforms gather vast amounts of user data and use it to provide tailored recommendations for individuals, businesses, and enterprises. For example, Facebook's recommendation system allows users to indicate their preferences, and this data is shared with partner websites, influencing the content users see on those sites. It's crucial to acknowledge that this is a controversial topic with multiple viewpoints possible, and only some of them were discussed; the system confidence in the provided response is 40%.",EC4,"['Users of social networks exchange personal information for customized recommendations, with platforms using this data to offer tailored suggestions.', 'Data privacy issues related to social media came into the spotlight with scandals like the Facebook-Cambridge Analytica data breach, which raised questions about the extent of personal data collection by social networks.', 'Social media companies often generate significant revenue from user data by selling it to advertisers, raising concerns about how user information is used for targeted advertising.']","[1, 0, 0]","['1', '2', '1', '1', '1']","['A1XAOEDK0Y2KBT', 'A3A8P4UR9A0DWQ', 'A35BY30TC8WCL4', 'A3862RIFFUV141', 'A2ELXYKRPPGRPB']","['4', '1', '4', '3', '3']","['4', '1', '2', '3', '4']","['4', '1', '1', '2', '3']","['4', '2', '4', '3', '4']","['4', '2', '4', '4', '3']","['2', '2', '3', '2', '2']","['3', '2', '4', '2', '3']","['4', '3', '4', '2', '3']","['2', '3', '1', '3', '2']","['4', '3', '4', '3', '3']","['4', '3', '4', '3', '3']","['3', '3', '3', '2', '2']","['4', '3', '4', '4', '3']","['3', '3', '4', '3', '2']","['4', '3', '4', '3', '3']","[""The answer is very high level, it could, however, be more detailed in explaining that personal information is not only used to identify preferences  but also for advertising and to drive up engagement, which is often at odds with a person's actual preferences, often intended to make the user engage further because they are upset or angry."", 'Did not interest me', ""While I might have preferred at least a sentence about some of the negatives, that wasn't what was asked for and the system gave a direct answer which is sensible and factual."", 'This is a satisfactory answer because there are few benefits to giving up privacy beyond convenience which I feel is basically what the answer was trying to convey in a lot more words than necessary.', 'I found this response to be useful because it does give the factual answer to this question, and does also acknowledge that this is not a complete answer. It is a little difficult to reconcile the surety score with the subjectivity of the answer though, and that makes me a little leery of any information provided by the system.']","['option_3', 'option_4', 'option_4', 'option_3', 'option_2']","['option_3', 'option_4', 'option_4', 'option_3', 'option_3']","['option_4', 'option_3', 'option_2', 'option_3', 'option_3']","['option_4', 'option_3', 'option_2', 'option_3', 'option_4']","['option_3', 'option_3', 'option_4', 'option_4', 'option_4']","['option_2', 'option_3', 'option_2', 'option_3', 'option_2']","['option_1', 'option_2', 'option_1', 'option_1', 'option_2']","['option_3', 'option_3', 'option_2', 'option_3', 'option_3']","['I enjoyed reviewing the responses, it was a very good intellectual exercies.', 'It was a long task', ""Not sure what I can say, was pretty simple and straightforward, nothing I'd change."", ""It was a bit long but I enjoyed the questions though would have been frustrated with it if I was less familiar with the topics and leads me to believe on topics I know absolutely nothing about I would have a hard time completely trusting these answers especially when the AI admits it's accuracy and scope is very limited."", ""I dislike the time it took. I dislike the low confidence ratings as they make it hard for me to trust the system and makes it hard for me to have any confidence in it's answers.""]"
0,3,What effects did the Watergate scandal have on President Nixon's legacy?,"The Watergate scandal had a profoundly negative impact on President Nixon's legacy. It tarnished his reputation as a corrupt politician, making him a symbol of political scandal and misconduct in both American politics and popular culture. Nixon's resignation and the scandal's fallout reinforced public skepticism and criticism of the presidency, leaving a lasting impression as one of the most Shakespearean and disgraceful episodes in presidential history. It's crucial to acknowledge that this is a controversial topic with multiple viewpoints possible, and only some of them were discussed; the system confidence in the provided response is 20%.",EC4,"["" The Watergate scandal severely damaged President Nixon's legacy, turning him into a symbol of political scandal and misconduct, and contributing to public skepticism about the presidency."", 'One key element of the Watergate scandal was the existence of secret White House tape recordings.', 'Following his resignation, Nixon was pardoned by his successor, President Gerald Ford, which spared him from potential legal consequences related to the Watergate scandal.']","[1, 0, 0]","['1', '1', '1', '1', '1']","['A1XAOEDK0Y2KBT', 'A3A8P4UR9A0DWQ', 'A35BY30TC8WCL4', 'A3862RIFFUV141', 'A2ELXYKRPPGRPB']","['4', '3', '3', '3', '2']","['3', '3', '2', '2', '3']","['3', '3', '1', '1', '3']","['4', '3', '4', '4', '4']","['3', '3', '4', '4', '3']","['2', '3', '3', '3', '1']","['3', '3', '3', '3', '2']","['4', '3', '4', '3', '3']","['2', '3', '1', '1', '2']","['4', '3', '4', '4', '4']","['4', '3', '4', '4', '3']","['3', '3', '3', '3', '3']","['4', '3', '4', '4', '4']","['4', '3', '4', '4', '3']","['4', '3', '4', '4', '4']","[""The assistant's response gives a great high level overview, which addresses the question, but is fairly light on the details that lead to the negative legacy."", 'Was interesting', ""The answer is clear and accurate, despite the note saying the confidence is only 20%. While of course this is a wildly complex topic which books have been written about, and so a brief paragraph isn't enough to cover much of it, this paragraph is as good a response as can be expected in such length."", 'Just from my knowledge I know this information to be true and I think the response covered the important basis and was a good length.', ""The response is useful because it is true to the topic, and it acknowledges that this is not all the applicable information on the topic. What I don't find very helpful is the systems surety rating, since a confidence of only 20% makes me doubt everything that it is contained in the search result.""]","['option_3', 'option_4', 'option_4', 'option_3', 'option_2']","['option_3', 'option_4', 'option_4', 'option_3', 'option_3']","['option_4', 'option_3', 'option_2', 'option_3', 'option_3']","['option_4', 'option_3', 'option_2', 'option_3', 'option_4']","['option_3', 'option_3', 'option_4', 'option_4', 'option_4']","['option_2', 'option_3', 'option_2', 'option_3', 'option_2']","['option_1', 'option_2', 'option_1', 'option_1', 'option_2']","['option_3', 'option_3', 'option_2', 'option_3', 'option_3']","['I enjoyed reviewing the responses, it was a very good intellectual exercies.', 'It was a long task', ""Not sure what I can say, was pretty simple and straightforward, nothing I'd change."", ""It was a bit long but I enjoyed the questions though would have been frustrated with it if I was less familiar with the topics and leads me to believe on topics I know absolutely nothing about I would have a hard time completely trusting these answers especially when the AI admits it's accuracy and scope is very limited."", ""I dislike the time it took. I dislike the low confidence ratings as they make it hard for me to trust the system and makes it hard for me to have any confidence in it's answers.""]"
1,4,How do you get impartial results from search engines?,"To obtain impartial search engine results, ensure you clear your browser cookies and history regularly, use a variety of search engines, and search in incognito mode to avoid personalization. This will help eliminate bias and provide a more neutral search experience. Additionally, it is useful to search using specific keywords provided by the search engine companies themselves, as this ensures unbiased and neutral information retrieval. It's crucial to acknowledge that the response may not be objective as it is based on content originating from blogs or comments and it may contain factual errors; the system confidence in the provided response is 40%.",EC4,"['Some web browsers and online tools provide extensions or plugins that facilitate simultaneous searches across multiple search engines.', 'Tools and browser extensions are available that allow users to compare search results from different search engines more efficiently.', 'Achieving impartial search results involves using a cross-verification approach by conducting the same search on multiple search engines.']","[0, 0, 1]","['2', '2', '3', '2', '2']","['A1XAOEDK0Y2KBT', 'A3A8P4UR9A0DWQ', 'A35BY30TC8WCL4', 'A3862RIFFUV141', 'A2ELXYKRPPGRPB']","['4', '2', '4', '3', '3']","['4', '2', '3', '4', '4']","['4', '2', '3', '4', '4']","['4', '2', '4', '4', '4']","['4', '3', '2', '3', '4']","['3', '2', '2', '1', '2']","['3', '3', '2', '2', '3']","['1', '3', '4', '2', '3']","['2', '3', '1', '2', '4']","['1', '3', '3', '4', '4']","['4', '3', '3', '4', '3']","['3', '3', '3', '3', '3']","['4', '3', '2', '3', '4']","['3', '3', '1', '2', '3']","['3', '3', '2', '2', '4']","['The information provided by the assistance is the most well known ways to try to search without bias, nothing provided was very new, but did address the actual question asked.', 'Covered the topic', ""First I want to note, I don't think any of the summaries above are really accurate to what the system said. I rate this fairly low because if the summary were fleshed out instead of the information given, I think that would have been more useful. Also, the sentence about using keywords provided by the search engines just makes no sense to me."", ""I think this covered just the very basics and while likely the the simplest way to try and combat bias I don't think it's the most efficient or effective way."", 'While this answer is useful because it gives me a concrete set of steps to take to ensure that I receive the information I am looking for, it also gives me pause because this is a technical question with a pretty straightforward right answer, so seeing a surety rating of only 40% makes me a little uncomfortable with the whole system.']","['option_3', 'option_4', 'option_4', 'option_3', 'option_2']","['option_3', 'option_4', 'option_4', 'option_3', 'option_3']","['option_4', 'option_3', 'option_2', 'option_3', 'option_3']","['option_4', 'option_3', 'option_2', 'option_3', 'option_4']","['option_3', 'option_3', 'option_4', 'option_4', 'option_4']","['option_2', 'option_3', 'option_2', 'option_3', 'option_2']","['option_1', 'option_2', 'option_1', 'option_1', 'option_2']","['option_3', 'option_3', 'option_2', 'option_3', 'option_3']","['I enjoyed reviewing the responses, it was a very good intellectual exercies.', 'It was a long task', ""Not sure what I can say, was pretty simple and straightforward, nothing I'd change."", ""It was a bit long but I enjoyed the questions though would have been frustrated with it if I was less familiar with the topics and leads me to believe on topics I know absolutely nothing about I would have a hard time completely trusting these answers especially when the AI admits it's accuracy and scope is very limited."", ""I dislike the time it took. I dislike the low confidence ratings as they make it hard for me to trust the system and makes it hard for me to have any confidence in it's answers.""]"
8,5,Do you think social media might play a role in my son's low self-esteem?,"Yes, social media can indeed play a role in your son's low self-esteem. The constant exposure to idealized images and lifestyles on social media can lead teenagers to question their own identity and strive for unrealistic standards of perfection. This pressure to conform to social media-defined ideals can contribute to feelings of insecurity and even depression, affecting their self-esteem and well-being. It's crucial to acknowledge that the response may not be objective as it is based on content originating from blogs or comments; the system confidence in the provided response is 20%.",EC4,"['Social media platforms can be breeding grounds for cyberbullying, which can have severe psychological effects on young individuals.', 'Research has shown that excessive use of social media, especially by teenagers, is associated with higher rates of depression, anxiety, and loneliness.', 'The constant exposure to idealized images and lifestyles on social media can lead teenagers to question their own identity and strive for unrealistic standards of perfection.']","[0, 0, 1]","['3', '2', '3', '3', '3']","['A1XAOEDK0Y2KBT', 'A3A8P4UR9A0DWQ', 'A35BY30TC8WCL4', 'A3862RIFFUV141', 'A2ELXYKRPPGRPB']","['2', '1', '1', '2', '3']","['4', '1', '1', '1', '2']","['4', '1', '1', '1', '3']","['4', '3', '4', '4', '3']","['4', '3', '3', '3', '2']","['2', '3', '1', '2', '1']","['4', '2', '2', '4', '2']","['4', '2', '3', '3', '3']","['3', '2', '1', '3', '2']","['4', '2', '4', '4', '3']","['4', '3', '3', '3', '3']","['4', '3', '2', '2', '2']","['4', '3', '4', '4', '3']","['4', '3', '3', '4', '2']","['4', '3', '3', '4', '2']","[""The response is very informative on how social media use can affect teenagers  during a vulnerable time in there lives. It surprisingly avoids cyberbullying, which is normally parent's biggest fear, and actually exposes the actual damage social media can do with setting unrealistic expectations."", 'Social media can be a bad platform to some people', 'I just would have preferred some arguments against the things noted as well, and maybe less verbose focus on that specific aspect of conformity/looks, but overall, an okay answer for the length.', ""This is a pretty honest answer on why social media might exacerbate depression based on what I've read and personally experienced."", ""I find this answer to be useful in general terms, but it is a pretty general answer for a pretty specific question. I would normally be unhappy with a surety score this low, but since this constitutes a medical an parenting question, I am happy to see the system rank it's own response as being low, encouraging the author to look more for answers,""]","['option_3', 'option_4', 'option_4', 'option_3', 'option_2']","['option_3', 'option_4', 'option_4', 'option_3', 'option_3']","['option_4', 'option_3', 'option_2', 'option_3', 'option_3']","['option_4', 'option_3', 'option_2', 'option_3', 'option_4']","['option_3', 'option_3', 'option_4', 'option_4', 'option_4']","['option_2', 'option_3', 'option_2', 'option_3', 'option_2']","['option_1', 'option_2', 'option_1', 'option_1', 'option_2']","['option_3', 'option_3', 'option_2', 'option_3', 'option_3']","['I enjoyed reviewing the responses, it was a very good intellectual exercies.', 'It was a long task', ""Not sure what I can say, was pretty simple and straightforward, nothing I'd change."", ""It was a bit long but I enjoyed the questions though would have been frustrated with it if I was less familiar with the topics and leads me to believe on topics I know absolutely nothing about I would have a hard time completely trusting these answers especially when the AI admits it's accuracy and scope is very limited."", ""I dislike the time it took. I dislike the low confidence ratings as they make it hard for me to trust the system and makes it hard for me to have any confidence in it's answers.""]"
2,6,What are the pros and cons of GMO food labeling?,"The pros of GMO food labeling, as advocated by organizations like the American Public Health Association and the European Commission, include providing consumers with the information necessary for informed choices, preventing potential consumer confusion, and facilitating the recall of products in the event of adverse health or environmental effects. This labeling can enhance transparency in the food supply chain and empower consumers to make decisions aligned with their preferences and concerns regarding genetically modified organisms. It's important to note that this is a complex topic and the answer may not be complete; the system confidence in the provided response is 40%.",EC4,"['Labeling regulations for GMOs vary worldwide, with some countries requiring detailed information, while others have more lenient requirements or none at all.', 'GMO food labeling pros involve informed consumer choices, preventing confusion, and enabling product recalls in case of issues, enhancing transparency in the food supply chain.', 'Consumer preferences for GMO labeling vary, with some actively seeking non-GMO products, while others prioritize cost and availability over GMO status.']","[0, 1, 0]","['2', '2', '2', '2', '2']","['A1XAOEDK0Y2KBT', 'A3A8P4UR9A0DWQ', 'A35BY30TC8WCL4', 'A3862RIFFUV141', 'A2ELXYKRPPGRPB']","['4', '2', '3', '3', '2']","['4', '2', '1', '2', '3']","['4', '2', '1', '2', '2']","['4', '3', '4', '3', '4']","['4', '3', '2', '3', '3']","['2', '3', '1', '1', '2']","['3', '2', '2', '2', '3']","['4', '2', '4', '2', '3']","['3', '2', '1', '3', '3']","['1', '2', '4', '3', '4']","['4', '3', '3', '3', '3']","['4', '2', '1', '1', '3']","['4', '3', '4', '3', '4']","['4', '3', '1', '1', '3']","['4', '3', '1', '1', '3']","['The response directly addresses the question and provides very clear and concise pros of labelling, however it does not really address any cons of labeling GMOs.', 'Talked about what it needed to', 'I rate this as not useful as it is heavily biased towards the pro labeling side and says nothing about the cons, despite that being explicitly asked for.', ""It's already half complete because it never listed any cons and the pros listed are likely biased just based on the fact no downside was listed."", ""My hesitation here is based on that surety score. This is an answer that is pretty clear and hard to find a wrong factual answer to, as opposed to a finding just differing opinions on whether GMO's and labelling are good or bad. The answer itself is direct and seems to be appropriate and factual, but the surety score makes it feel much less useful.""]","['option_3', 'option_4', 'option_4', 'option_3', 'option_2']","['option_3', 'option_4', 'option_4', 'option_3', 'option_3']","['option_4', 'option_3', 'option_2', 'option_3', 'option_3']","['option_4', 'option_3', 'option_2', 'option_3', 'option_4']","['option_3', 'option_3', 'option_4', 'option_4', 'option_4']","['option_2', 'option_3', 'option_2', 'option_3', 'option_2']","['option_1', 'option_2', 'option_1', 'option_1', 'option_2']","['option_3', 'option_3', 'option_2', 'option_3', 'option_3']","['I enjoyed reviewing the responses, it was a very good intellectual exercies.', 'It was a long task', ""Not sure what I can say, was pretty simple and straightforward, nothing I'd change."", ""It was a bit long but I enjoyed the questions though would have been frustrated with it if I was less familiar with the topics and leads me to believe on topics I know absolutely nothing about I would have a hard time completely trusting these answers especially when the AI admits it's accuracy and scope is very limited."", ""I dislike the time it took. I dislike the low confidence ratings as they make it hard for me to trust the system and makes it hard for me to have any confidence in it's answers.""]"
4,7,Can social security be fixed?,"Social security can be fixed, and there are various proposed approaches to stabilize it. One such proposal, put forth by Peter A. Diamond and Peter R. Orszag, suggests a balanced approach involving tax and spending adjustments, ending the borrowing of funds from payroll taxes, increasing revenues dedicated to Social Security, and gradually raising the retirement age, raising the income ceiling subject to FICA taxes, and slightly increasing the FICA tax rate to address the issue. It's important to note that this is a complex topic and the answer may not be complete; the system confidence in the provided response is 20%.",EC4,"[""Means testing is a concept where Social Security benefits are adjusted based on an individual's financial means."", 'Social security can be stabilized and fixed through a multifaceted approach, including tax and spending adjustments.', ""The income ceiling, also known as the Social Security wage base, is the maximum amount of an individual's income that is subject to Social Security taxes.""]","[0, 1, 0]","['2', '2', '2', '2', '2']","['A1XAOEDK0Y2KBT', 'A3A8P4UR9A0DWQ', 'A35BY30TC8WCL4', 'A3862RIFFUV141', 'A2ELXYKRPPGRPB']","['3', '4', '1', '2', '2']","['4', '4', '1', '2', '4']","['4', '4', '1', '1', '2']","['4', '3', '4', '4', '3']","['4', '3', '3', '4', '3']","['3', '3', '1', '1', '2']","['4', '3', '1', '3', '3']","['4', '3', '4', '3', '3']","['3', '3', '1', '4', '4']","['4', '3', '4', '3', '3']","['4', '3', '3', '2', '2']","['3', '3', '2', '1', '3']","['4', '3', '4', '4', '4']","['4', '3', '2', '2', '2']","['4', '3', '2', '2', '3']","['The response provided is very details, providing various steps and actions that can be taken to address social security.', 'Let me know about SS', ""I don't think this is that useful as it just gives the opinion of one expert (assuming they're real). I also have no idea how factual it is as I know very little about this topic."", 'I think there can be many answers to this including, ""yes"", ""no"" and ""possibly"" and it would be hard to prove any answer correct so I partially disagree but the question is really hard if not impossible to answer also.', 'This response is useful because it gives me specific information about what is being done. I find the surety rating to be useful here, even though it is quite low because it gives me an idea that this is a question that may not have just one correct answer.']","['option_3', 'option_4', 'option_4', 'option_3', 'option_2']","['option_3', 'option_4', 'option_4', 'option_3', 'option_3']","['option_4', 'option_3', 'option_2', 'option_3', 'option_3']","['option_4', 'option_3', 'option_2', 'option_3', 'option_4']","['option_3', 'option_3', 'option_4', 'option_4', 'option_4']","['option_2', 'option_3', 'option_2', 'option_3', 'option_2']","['option_1', 'option_2', 'option_1', 'option_1', 'option_2']","['option_3', 'option_3', 'option_2', 'option_3', 'option_3']","['I enjoyed reviewing the responses, it was a very good intellectual exercies.', 'It was a long task', ""Not sure what I can say, was pretty simple and straightforward, nothing I'd change."", ""It was a bit long but I enjoyed the questions though would have been frustrated with it if I was less familiar with the topics and leads me to believe on topics I know absolutely nothing about I would have a hard time completely trusting these answers especially when the AI admits it's accuracy and scope is very limited."", ""I dislike the time it took. I dislike the low confidence ratings as they make it hard for me to trust the system and makes it hard for me to have any confidence in it's answers.""]"
6,8,What are the other natural wonders of the world besides the Great Barrier Reef?,"The other Natural Wonders of the World besides the Great Barrier Reef include the Grand Canyon, Northern Lights, Mt. Everest, Dead Sea, Victoria Falls, and Kilimanjaro. These wonders are remarkable geological features and natural phenomena created by the forces of nature over time, showcasing the Earth's diverse and awe-inspiring landscapes and events. It's crucial to acknowledge that the response may not be objective as it is based on content originating from blogs or comments and it may contain factual errors; the system confidence in the provided response is 40%.",EC4,"['The Dead Sea, situated between Jordan and Israel, is known for its incredibly high salt concentration, making it a unique body of water where individuals can easily float on the surface due to the buoyancy created by the dense salt content.', ""The Natural Wonders of the World encompass a range of geological marvels and natural occurrences that exemplify the Earth's stunning diversity in landscapes and events."", 'Kilimanjaro, located in Tanzania, is the highest freestanding mountain in the world and a popular destination for trekkers and climbers.']","[0, 1, 0]","['2', '2', '2', '2', '2']","['A1XAOEDK0Y2KBT', 'A3A8P4UR9A0DWQ', 'A35BY30TC8WCL4', 'A3862RIFFUV141', 'A2ELXYKRPPGRPB']","['4', '2', '1', '2', '3']","['4', '2', '1', '2', '3']","['4', '2', '1', '1', '3']","['4', '3', '4', '3', '3']","['4', '3', '3', '2', '3']","['2', '3', '3', '1', '2']","['2', '3', '3', '2', '3']","['4', '3', '4', '3', '3']","['2', '3', '1', '3', '2']","['4', '3', '4', '3', '3']","['4', '3', '3', '2', '3']","['4', '3', '3', '2', '2']","['4', '3', '4', '3', '4']","['2', '3', '4', '2', '2']","['3', '3', '4', '2', '3']","['The response is accurate in that it lists the other wonders of the modern world with a basic description, however it is a very undetailed response.', 'Very informative', ""My only not perfect ratings are because I don't know if the information is true, but all those places seem like they'd plausibly be considered the wonders and giving a simple list like this is exactly what I'd want."", 'I think the wonders discussed are kind of random though some are definitely good but it feels incomplete to me.', 'This response is useful because it gives me solid information about the question. These places are considered to be wonders of the world. However, the system makes this seem like a subjective question, when in reality there is an actual list of those places that are actually titled as wonders of the world and the answer does not address that, coupled with the low surety score, that makes this answer less useful than it could be, as it misses the true factual answer and creates a conflict where none exists.']","['option_3', 'option_4', 'option_4', 'option_3', 'option_2']","['option_3', 'option_4', 'option_4', 'option_3', 'option_3']","['option_4', 'option_3', 'option_2', 'option_3', 'option_3']","['option_4', 'option_3', 'option_2', 'option_3', 'option_4']","['option_3', 'option_3', 'option_4', 'option_4', 'option_4']","['option_2', 'option_3', 'option_2', 'option_3', 'option_2']","['option_1', 'option_2', 'option_1', 'option_1', 'option_2']","['option_3', 'option_3', 'option_2', 'option_3', 'option_3']","['I enjoyed reviewing the responses, it was a very good intellectual exercies.', 'It was a long task', ""Not sure what I can say, was pretty simple and straightforward, nothing I'd change."", ""It was a bit long but I enjoyed the questions though would have been frustrated with it if I was less familiar with the topics and leads me to believe on topics I know absolutely nothing about I would have a hard time completely trusting these answers especially when the AI admits it's accuracy and scope is very limited."", ""I dislike the time it took. I dislike the low confidence ratings as they make it hard for me to trust the system and makes it hard for me to have any confidence in it's answers.""]"
7,9,Thatâ€™s interesting. Tell me more about how climate change affects developing countries.,"Climate change profoundly affects the health of people in developing countries, particularly the world's poorest nations. The Climate Vulnerability Monitor reports estimate that climate change causes around 400,000 deaths annually in these regions, with a significant impact on health primarily due to hunger and communicable diseases. Developing countries, with their limited resources and infrastructure, are especially vulnerable to these health-related consequences of climate change, highlighting the pressing need for global climate justice. It's important to note that this is a complex topic and the answer may not be complete; the system confidence in the provided response is 40%.",EC4,"['Many developing countries are experiencing climate-induced migration as people seek refuge from the impacts of climate change, including droughts, floods, and extreme weather events.', 'Climate change has a severe impact on the health of people in developing countries leading to around 400,000 annual deaths primarily due to hunger and communicable diseases.', 'Climate change exacerbates food insecurity in vulnerable nations, leading to malnutrition and posing additional health risks.']","[0, 1, 0]","['2', '2', '2', '1', '2']","['A1XAOEDK0Y2KBT', 'A3A8P4UR9A0DWQ', 'A35BY30TC8WCL4', 'A3862RIFFUV141', 'A2ELXYKRPPGRPB']","['4', '2', '2', '3', '3']","['4', '2', '1', '1', '4']","['4', '2', '1', '1', '4']","['3', '4', '4', '4', '4']","['3', '3', '3', '2', '3']","['2', '3', '2', '1', '2']","['4', '3', '3', '3', '3']","['4', '3', '4', '2', '3']","['3', '3', '1', '2', '3']","['4', '2', '4', '3', '3']","['4', '3', '3', '1', '3']","['4', '2', '3', '1', '2']","['4', '3', '4', '4', '3']","['3', '3', '4', '1', '2']","['3', '3', '4', '1', '3']","['The answer provided is accurate, but is oddly focused very specifically on how climate change will affect the health of the worlds population over the other weather and climate changes themselves.', 'Climate change affects the whole world', ""While much more can be said, and I don't have enough expertise to know how accurate the information is, this seems like a perfectly reasonable answer that covers the topic well given the length."", 'This feels like the establishment news and corrupted scientific institution answer and one in which is very suspect to say the least.', 'The usefulness of this answer in general is high, as it is factual information with good support that gives specifics, which is always helpful for research. I do question the system overall to see a surety score that low on an objective topic.']","['option_3', 'option_4', 'option_4', 'option_3', 'option_2']","['option_3', 'option_4', 'option_4', 'option_3', 'option_3']","['option_4', 'option_3', 'option_2', 'option_3', 'option_3']","['option_4', 'option_3', 'option_2', 'option_3', 'option_4']","['option_3', 'option_3', 'option_4', 'option_4', 'option_4']","['option_2', 'option_3', 'option_2', 'option_3', 'option_2']","['option_1', 'option_2', 'option_1', 'option_1', 'option_2']","['option_3', 'option_3', 'option_2', 'option_3', 'option_3']","['I enjoyed reviewing the responses, it was a very good intellectual exercies.', 'It was a long task', ""Not sure what I can say, was pretty simple and straightforward, nothing I'd change."", ""It was a bit long but I enjoyed the questions though would have been frustrated with it if I was less familiar with the topics and leads me to believe on topics I know absolutely nothing about I would have a hard time completely trusting these answers especially when the AI admits it's accuracy and scope is very limited."", ""I dislike the time it took. I dislike the low confidence ratings as they make it hard for me to trust the system and makes it hard for me to have any confidence in it's answers.""]"
9,10,How often should I run to lose weight?,"Losing weight through running can be achieved easily as running tends to burn calories. To achieve weight loss while running, focus on decreasing your caloric intake by consuming nutrient-dense, fibre-rich foods. Additionally, incorporate strength training exercises to build muscle mass, as muscle weighs less than fat. If you're struggling to lose weight or have specific goals in mind, consider consulting a registered dietitian or a personal trainer for professional adice. They can help you create a customized nutrition and exercise plan tailored to your needs. It's crucial to acknowledge that the response may not be objective as it is based on content originating from blogs or comments and it may contain factual errors; the system confidence in the provided response is 20%.",EC4,"[""Running can aid in weight loss by burning calories, but it's crucial to combine it with a nutrient-dense diet and strength training."", 'A well-rounded fitness regimen that includes strength training not only supports weight loss but also promotes overall fitness and body composition.', 'Strength training not only helps with weight loss but also improves overall body composition by increasing lean muscle mass.']","[1, 0, 0]","['1', '1', '1', '2', '1']","['A1XAOEDK0Y2KBT', 'A3A8P4UR9A0DWQ', 'A35BY30TC8WCL4', 'A3862RIFFUV141', 'A2ELXYKRPPGRPB']","['4', '1', '1', '1', '2']","['4', '1', '1', '1', '2']","['4', '1', '1', '1', '3']","['3', '3', '2', '3', '2']","['4', '3', '2', '2', '3']","['4', '2', '1', '1', '2']","['4', '2', '1', '2', '3']","['4', '2', '4', '2', '3']","['4', '3', '1', '1', '3']","['4', '3', '4', '3', '3']","['4', '3', '3', '3', '3']","['4', '3', '3', '2', '2']","['4', '3', '4', '3', '4']","['3', '3', '1', '1', '2']","['4', '3', '1', '1', '2']","['The answer is very comprehensive, noting that running in addition to diet as well as strength training is the most effective method to lose weight.', 'lets me know i can lose weight', ""While the information given is about the broad topic of health loss, it doesn't really address the question given. I'd have much preferred something like loss of x calories = loss of 1 pound, running at these speeds for these times burns y calories, etc."", ""The answer doesn't really answer the question and instead is very vague and basically says running can help you lose weight in combination with other things which is more than obvious and in fact the question presumes that to already be true."", ""While this is a useful answer because it is factual, it does not really remain true to the question asked. While it is good to see that the system does make sure that the user knows that weight loss is unlikely from running alone, it avoids the question itself, and it has a very low surety score for a topic that isn't really subjective in nature, and that makes it seem less useful, as it just gives me more research to follow up on, but no real answers.""]","['option_3', 'option_4', 'option_4', 'option_3', 'option_2']","['option_3', 'option_4', 'option_4', 'option_3', 'option_3']","['option_4', 'option_3', 'option_2', 'option_3', 'option_3']","['option_4', 'option_3', 'option_2', 'option_3', 'option_4']","['option_3', 'option_3', 'option_4', 'option_4', 'option_4']","['option_2', 'option_3', 'option_2', 'option_3', 'option_2']","['option_1', 'option_2', 'option_1', 'option_1', 'option_2']","['option_3', 'option_3', 'option_2', 'option_3', 'option_3']","['I enjoyed reviewing the responses, it was a very good intellectual exercies.', 'It was a long task', ""Not sure what I can say, was pretty simple and straightforward, nothing I'd change."", ""It was a bit long but I enjoyed the questions though would have been frustrated with it if I was less familiar with the topics and leads me to believe on topics I know absolutely nothing about I would have a hard time completely trusting these answers especially when the AI admits it's accuracy and scope is very limited."", ""I dislike the time it took. I dislike the low confidence ratings as they make it hard for me to trust the system and makes it hard for me to have any confidence in it's answers.""]"
